{
    "resources": [
        {
            "name": "manifest-bundle.zip"
        },
        {
            "name": "controller/DetailsRole.controller.js"
        },
        {
            "name": "manifest.json"
        },
        {
            "name": "model/models.js"
        },
        {
            "name": "controller/Simulation.controller.js"
        },
        {
            "name": "controller/NewUser.controller.js"
        },
        {
            "name": "controller/Main.controller.js"
        },
        {
            "name": "controller/ListUsers.controller.js"
        },
        {
            "name": "controller/ListRoles.controller.js"
        },
        {
            "name": "controller/DetailsUser.controller.js"
        },
        {
            "name": "model/dataSimulation.json"
        },
        {
            "name": "Component.js"
        },
        {
            "name": "i18n/i18n.properties",
            "raw": "i18n/i18n.properties"
        },
        {
            "name": "Component-preload.js",
            "merged": true
        },
        {
            "name": "controller/ListRoles-dbg.controller.js",
            "isDebug": true
        },
        {
            "name": "controller/Simulation-dbg.controller.js",
            "isDebug": true
        },
        {
            "name": "controller/NewUser-dbg.controller.js",
            "isDebug": true
        },
        {
            "name": "controller/Main-dbg.controller.js",
            "isDebug": true
        },
        {
            "name": "controller/ListUsers-dbg.controller.js",
            "isDebug": true
        },
        {
            "name": "model/models-dbg.js",
            "isDebug": true
        },
        {
            "name": "controller/DetailsUser-dbg.controller.js",
            "isDebug": true
        },
        {
            "name": "controller/DetailsRole-dbg.controller.js",
            "isDebug": true
        },
        {
            "name": "Component-dbg.js",
            "isDebug": true
        },
        {
            "name": "../../sap-ui-version.json"
        },
        {
            "name": "view/Simulation.view.xml"
        },
        {
            "name": "view/NewUser.view.xml"
        },
        {
            "name": "view/Main.view.xml"
        },
        {
            "name": "view/ListUsers.view.xml"
        },
        {
            "name": "view/ListRoles.view.xml"
        },
        {
            "name": "view/DetailsUser.view.xml"
        },
        {
            "name": "view/DetailsRole.view.xml"
        },
        {
            "name": "css/style.css"
        },
        {
            "name": "index.html"
        }
    ]
}