{
  "controller/DetailsUser.controller.js": 1613267350572,
  "controller/DetailsRole.controller.js": 1613264704160,
  "manifest.json": 1613419632649,
  "model/models.js": 1613397281668,
  "controller/Simulation.controller.js": 1613417995341,
  "controller/NewUser.controller.js": 1613156635786,
  "controller/Main.controller.js": 1613268562569,
  "controller/ListUsers.controller.js": 1613417995353,
  "controller/ListRoles.controller.js": 1613264704168,
  "i18n/i18n.properties": 1612828223498,
  "model/dataSimulation.json": 1613417995341,
  "Component.js": 1612828106722,
  "manifest-bundle.zip": 1613419632266,
  "Component-preload.js": 1613419632584,
  "controller/ListRoles-dbg.controller.js": 1613264704168,
  "controller/Simulation-dbg.controller.js": 1613417995341,
  "controller/NewUser-dbg.controller.js": 1613156635786,
  "controller/Main-dbg.controller.js": 1613268562569,
  "controller/ListUsers-dbg.controller.js": 1613417995353,
  "model/models-dbg.js": 1613397281668,
  "controller/DetailsUser-dbg.controller.js": 1613267350572,
  "controller/DetailsRole-dbg.controller.js": 1613264704160,
  "Component-dbg.js": 1612828106722,
  "resources.json": 1613419632652,
  "view/Simulation.view.xml": 1613417995341,
  "view/NewUser.view.xml": 1613050549502,
  "view/Main.view.xml": 1613418079070,
  "view/ListUsers.view.xml": 1613254991100,
  "view/ListRoles.view.xml": 1613255550287,
  "view/DetailsUser.view.xml": 1613268240913,
  "view/DetailsRole.view.xml": 1613349970178,
  "css/style.css": 1612828106722,
  "index.html": 1613255158687
}